confidence_threshold,coverage_pct,traded_samples,accuracy,balanced_accuracy,win_rate,avg_trade_return_pct,total_strategy_return_pct,annualized_sharpe
0.5,100.0,491,51.73,48.26,42.97,-0.743,-364.9,-0.7
0.52,91.04,447,51.68,47.34,43.62,-0.767,-342.68,-0.71
0.54,81.47,400,51.5,47.08,44.0,-0.77,-308.19,-0.72
0.56,38.29,188,61.7,50.0,46.28,-0.465,-87.45,-0.46
0.58,18.94,93,68.82,50.0,49.46,0.183,17.01,0.19
0.6,8.55,42,69.05,50.0,52.38,0.425,17.84,0.5
0.62,6.31,31,70.97,50.0,58.06,0.749,23.23,0.91
0.64,4.28,21,85.71,50.0,66.67,1.184,24.87,1.45
0.66,1.63,8,87.5,50.0,50.0,1.415,11.32,1.73
