ticker,stock_id,setup_name,target_type,features_count,test_samples,accuracy,balanced_accuracy,precision,recall,f1,roc_auc,mcc,majority_baseline,filtered_acc_cov20,filtered_acc_cov10,best_annualized_sharpe
AAPL,1,"1. Baseline (OHLCV+Tech, Logistic Regression)",binary,108,491,46.64,47.09,43.22,52.44,47.39,0.4484,-0.0584,54.18,46.64,46.64,-0.65
AAPL,1,"2. Multimodal Fusion (All Modalities, Calibrated Ensemble)",binary,292,491,51.32,49.83,45.57,32.0,37.6,0.4718,-0.0035,54.18,52.61,52.61,0.22
AAPL,1,3. Regime-Aware Multimodal Model,binary,292,491,53.36,51.13,48.25,24.44,32.45,0.4831,0.0267,54.18,53.65,53.65,-0.07
AAPL,1,4. Multimodal 3-Class Trading Target (BUY/HOLD/SELL),3class,292,491,40.73,33.33,16.59,40.73,23.58,0.4932,0.0,40.73,41.92,41.92,0.45
GOOGL,4,"1. Baseline (OHLCV+Tech, Logistic Regression)",binary,108,491,57.03,51.39,44.21,21.0,28.47,0.4672,0.0347,59.27,57.31,57.31,-0.17
GOOGL,4,"2. Multimodal Fusion (All Modalities, Calibrated Ensemble)",binary,292,491,49.49,45.97,34.62,27.0,30.34,0.471,-0.085,59.27,55.56,61.96,-0.8
GOOGL,4,3. Regime-Aware Multimodal Model,binary,292,491,46.64,44.43,33.85,32.5,33.16,0.4659,-0.1122,59.27,64.29,72.22,-0.27
GOOGL,4,4. Multimodal 3-Class Trading Target (BUY/HOLD/SELL),3class,292,491,38.29,34.18,26.46,38.29,22.99,0.4664,0.0391,37.88,37.86,37.86,2.94
MSFT,5,"1. Baseline (OHLCV+Tech, Logistic Regression)",binary,108,491,58.66,53.17,56.14,15.24,23.97,0.5019,0.0979,57.23,58.74,58.74,-0.08
MSFT,5,"2. Multimodal Fusion (All Modalities, Calibrated Ensemble)",binary,292,491,56.62,51.03,47.27,12.38,19.62,0.4768,0.0323,57.23,57.1,57.1,-0.21
MSFT,5,3. Regime-Aware Multimodal Model,binary,292,491,51.73,48.26,39.53,24.29,30.09,0.5306,-0.039,57.23,61.7,68.82,1.73
MSFT,5,4. Multimodal 3-Class Trading Target (BUY/HOLD/SELL),3class,292,491,27.9,30.09,24.3,27.9,22.42,0.4357,-0.0477,40.94,40.39,44.62,2.45
AMZN,6,"1. Baseline (OHLCV+Tech, Logistic Regression)",binary,108,491,51.93,48.92,39.47,6.58,11.28,0.4794,-0.0404,53.56,57.65,57.65,0.21
AMZN,6,"2. Multimodal Fusion (All Modalities, Calibrated Ensemble)",binary,292,491,51.53,51.02,47.62,43.86,45.66,0.5001,0.0205,53.56,53.23,53.23,0.12
AMZN,6,3. Regime-Aware Multimodal Model,binary,292,491,50.51,48.17,41.18,15.35,22.36,0.4457,-0.0483,53.56,51.95,51.95,-0.29
AMZN,6,4. Multimodal 3-Class Trading Target (BUY/HOLD/SELL),3class,292,491,43.99,33.33,19.35,43.99,26.88,0.5854,0.0,43.99,45.67,45.67,1.34
