Date,Actual,Predicted,Probability_UP,Confident,Return_Threshold,Probability_Threshold
2022-01-03,0,0,0.4796320041796596,False,0.02,0.68
2022-01-04,0,0,0.1711195202317866,True,0.02,0.68
2022-01-05,0,0,0.12823174075508922,True,0.02,0.68
2022-01-06,0,0,0.09901880047144947,True,0.02,0.68
2022-01-07,0,0,0.07048187652181491,True,0.02,0.68
2022-01-10,0,0,0.13166978877837462,True,0.02,0.68
2022-01-11,0,1,0.5477848597131657,False,0.02,0.68
2022-01-12,0,0,0.2579669116619766,True,0.02,0.68
2022-01-13,0,0,0.18109221044518803,True,0.02,0.68
2022-01-14,0,0,0.3520781589629451,False,0.02,0.68
2022-01-18,0,1,0.5581411211152594,False,0.02,0.68
2022-01-19,0,1,0.5915419454815926,False,0.02,0.68
2022-01-20,0,1,0.669405769393899,False,0.02,0.68
2022-01-21,1,1,0.824986564268768,True,0.02,0.68
2022-01-24,1,1,0.5773050399841788,False,0.02,0.68
2022-01-25,1,1,0.5320751049474994,False,0.02,0.68
2022-01-26,1,1,0.6518776526366858,False,0.02,0.68
2022-01-27,1,1,0.5266903869765605,False,0.02,0.68
2022-01-28,1,0,0.4194982265143785,False,0.02,0.68
2022-01-31,1,1,0.6653221197086561,False,0.02,0.68
2022-02-01,1,0,0.27670032024092667,True,0.02,0.68
2022-02-02,1,0,0.25112436066914,True,0.02,0.68
2022-02-03,1,1,0.6176590868856713,False,0.02,0.68
2022-02-04,0,1,0.7111700990058059,True,0.02,0.68
2022-02-07,0,0,0.38290771072430635,False,0.02,0.68
2022-02-08,0,0,0.29618813834506885,True,0.02,0.68
2022-02-09,0,0,0.34327072540330594,False,0.02,0.68
2022-02-10,0,0,0.10420249547168355,True,0.02,0.68
2022-02-14,0,1,0.8782741684308901,True,0.02,0.68
2022-02-15,0,1,0.9266275961359054,True,0.02,0.68
2022-02-16,0,1,0.8300876970111979,True,0.02,0.68
2022-02-17,0,1,0.9339822411528483,True,0.02,0.68
2022-02-18,0,1,0.894493082892212,True,0.02,0.68
2022-02-22,0,1,0.9471479065534666,True,0.02,0.68
2022-02-23,0,1,0.9165368136555012,True,0.02,0.68
2022-02-24,0,1,0.9595826190332718,True,0.02,0.68
2022-02-25,0,1,0.9443114501038987,True,0.02,0.68
2022-02-28,0,1,0.8065599208821779,True,0.02,0.68
2022-03-01,0,1,0.8180817555676221,True,0.02,0.68
2022-03-03,1,1,0.8966852414471299,True,0.02,0.68
2022-03-04,1,1,0.9716760662128662,True,0.02,0.68
2022-03-07,1,1,0.9597684845843847,True,0.02,0.68
2022-03-08,1,1,0.9624361963729671,True,0.02,0.68
2022-03-09,1,1,0.9663967011419795,True,0.02,0.68
2022-03-10,1,1,0.9205350169440292,True,0.02,0.68
2022-03-11,1,1,0.8849410515496687,True,0.02,0.68
2022-03-14,1,1,0.6718809673171852,False,0.02,0.68
2022-03-15,1,1,0.761964301818896,True,0.02,0.68
2022-03-16,1,1,0.9496641234270004,True,0.02,0.68
2022-03-17,1,1,0.6280560825774005,False,0.02,0.68
2022-03-21,1,1,0.5203464288884381,False,0.02,0.68
2022-03-23,0,0,0.1420059176008013,True,0.02,0.68
2022-03-24,0,0,0.09033225772381767,True,0.02,0.68
2022-03-25,0,0,0.04759636494925203,True,0.02,0.68
2022-03-28,0,0,0.06773892360217722,True,0.02,0.68
2022-03-29,0,0,0.015501307056016062,True,0.02,0.68
2022-03-30,0,0,0.007589526060318115,True,0.02,0.68
2022-03-31,0,0,0.007372329830440197,True,0.02,0.68
2022-04-01,0,0,0.014247649043191977,True,0.02,0.68
2022-04-04,0,0,0.0073831141396856394,True,0.02,0.68
2022-04-05,0,0,0.013197232715214556,True,0.02,0.68
2022-04-06,0,0,0.020340292358782368,True,0.02,0.68
2022-04-07,0,1,0.592443826215083,False,0.02,0.68
2022-04-08,0,1,0.829622137951441,True,0.02,0.68
2022-04-11,0,1,0.5302836784115679,False,0.02,0.68
2022-04-12,0,1,0.836422069909288,True,0.02,0.68
2022-04-13,0,1,0.9248714368254293,True,0.02,0.68
2022-04-14,0,1,0.9208577117141468,True,0.02,0.68
2022-04-18,0,1,0.9254335609875468,True,0.02,0.68
2022-04-19,0,1,0.9287649006438659,True,0.02,0.68
2022-04-20,0,1,0.8741003098537272,True,0.02,0.68
2022-04-21,0,1,0.9265853402408979,True,0.02,0.68
2022-04-22,0,1,0.9484783475773633,True,0.02,0.68
2022-04-25,0,1,0.9407554092064885,True,0.02,0.68
2022-04-26,0,1,0.9608172053671511,True,0.02,0.68
2022-04-27,0,1,0.953251979020069,True,0.02,0.68
2022-04-28,0,1,0.9847419965453066,True,0.02,0.68
2022-04-29,0,1,0.9827826583069744,True,0.02,0.68
2022-05-02,0,1,0.9936315431418385,True,0.02,0.68
2022-05-03,0,1,0.9956009953661487,True,0.02,0.68
2022-05-04,0,1,0.9935934851211623,True,0.02,0.68
2022-05-05,0,1,0.9975995780642449,True,0.02,0.68
2022-05-06,0,1,0.9940532817917522,True,0.02,0.68
2022-05-10,0,1,0.987802512951744,True,0.02,0.68
2022-05-12,1,1,0.96871545783818,True,0.02,0.68
2022-05-16,1,1,0.9581696413190302,True,0.02,0.68
2022-05-17,1,1,0.9601005587074923,True,0.02,0.68
2022-05-18,1,1,0.9595165792131435,True,0.02,0.68
2022-05-19,1,1,0.9607446655324935,True,0.02,0.68
2022-05-20,1,1,0.956022711765486,True,0.02,0.68
2022-05-23,1,1,0.9784590308950997,True,0.02,0.68
2022-05-24,1,1,0.9821837665157801,True,0.02,0.68
2022-05-25,1,1,0.9717955080995581,True,0.02,0.68
2022-05-27,0,1,0.9468115653840516,True,0.02,0.68
2022-05-31,0,1,0.9535944377232164,True,0.02,0.68
2022-06-01,0,1,0.8770428797625053,True,0.02,0.68
2022-06-02,0,1,0.9505148253911091,True,0.02,0.68
2022-06-03,0,1,0.9023303947405243,True,0.02,0.68
2022-06-06,0,0,0.4951084385686047,False,0.02,0.68
2022-06-07,0,0,0.3863981264043082,False,0.02,0.68
2022-06-08,0,0,0.35469490430062417,False,0.02,0.68
2022-06-10,1,1,0.6679566740829233,False,0.02,0.68
2022-06-13,1,1,0.8118565939790903,True,0.02,0.68
2022-06-14,1,1,0.8433296901389319,True,0.02,0.68
2022-06-16,1,1,0.8981778504328045,True,0.02,0.68
2022-06-17,1,1,0.9369847134284376,True,0.02,0.68
2022-06-21,1,1,0.9306888393080027,True,0.02,0.68
2022-06-22,1,1,0.9214304932735634,True,0.02,0.68
2022-06-23,1,1,0.8628668579599431,True,0.02,0.68
2022-06-24,0,1,0.85365994873144,True,0.02,0.68
2022-06-27,0,1,0.6822522444060286,True,0.02,0.68
2022-06-28,1,1,0.600443191704066,False,0.02,0.68
2022-06-30,1,1,0.5650963018074456,False,0.02,0.68
2022-07-01,1,1,0.6436613081934089,False,0.02,0.68
2022-07-05,1,1,0.7821404575973527,True,0.02,0.68
2022-07-06,1,1,0.7305840800985363,True,0.02,0.68
2022-07-07,1,1,0.508031627531186,False,0.02,0.68
2022-07-08,1,0,0.31891476973843735,True,0.02,0.68
2022-07-11,1,0,0.4114728499942015,False,0.02,0.68
2022-07-12,1,0,0.38807738969656497,False,0.02,0.68
2022-07-13,1,1,0.6395139117157593,False,0.02,0.68
2022-07-14,1,1,0.8031550066893293,True,0.02,0.68
2022-07-15,1,1,0.8676150120719235,True,0.02,0.68
2022-07-18,1,1,0.782720325297687,True,0.02,0.68
2022-07-19,1,1,0.620747260849555,False,0.02,0.68
2022-07-20,1,1,0.5753649405687299,False,0.02,0.68
2022-07-21,1,1,0.5244779947046596,False,0.02,0.68
2022-07-22,1,0,0.31745497476565776,True,0.02,0.68
2022-07-25,1,0,0.2998524957976887,True,0.02,0.68
2022-07-26,1,0,0.3290280486096106,False,0.02,0.68
2022-07-27,1,0,0.31835704172507373,True,0.02,0.68
2022-07-28,1,1,0.6786959006625441,False,0.02,0.68
2022-07-29,1,1,0.6763792593393464,False,0.02,0.68
2022-08-01,1,1,0.6413427441747069,False,0.02,0.68
2022-08-02,1,1,0.6308906431774047,False,0.02,0.68
2022-08-08,0,1,0.7395301544343039,True,0.02,0.68
2022-08-09,0,1,0.9011052811751051,True,0.02,0.68
2022-08-10,0,1,0.9476814380512156,True,0.02,0.68
2022-08-11,0,1,0.9402336144277376,True,0.02,0.68
2022-08-12,0,1,0.9424971779116824,True,0.02,0.68
2022-08-15,0,1,0.9030040696183198,True,0.02,0.68
2022-08-16,0,1,0.8506300485602287,True,0.02,0.68
2022-08-17,0,1,0.7503431982079879,True,0.02,0.68
2022-08-18,0,1,0.9286746244479963,True,0.02,0.68
2022-08-19,0,1,0.8712710122871739,True,0.02,0.68
2022-08-22,0,1,0.8205166780725613,True,0.02,0.68
2022-08-23,0,1,0.9627876918996388,True,0.02,0.68
2022-08-24,0,1,0.9677589572758516,True,0.02,0.68
2022-08-25,0,1,0.9624581699494388,True,0.02,0.68
2022-08-26,1,1,0.9535482503035664,True,0.02,0.68
2022-08-29,0,1,0.923058545013739,True,0.02,0.68
2022-09-01,0,1,0.9768099345536326,True,0.02,0.68
2022-09-02,0,1,0.9614274674891256,True,0.02,0.68
2022-09-06,0,1,0.982200974367306,True,0.02,0.68
2022-09-07,0,1,0.9933396438839355,True,0.02,0.68
2022-09-08,0,1,0.9873522256058108,True,0.02,0.68
2022-09-09,0,1,0.9920430849148042,True,0.02,0.68
2022-09-12,0,1,0.9944126781422049,True,0.02,0.68
2022-09-13,0,1,0.9947842306727062,True,0.02,0.68
2022-09-14,0,1,0.9940725713637765,True,0.02,0.68
2022-09-15,0,1,0.9938599030776516,True,0.02,0.68
2022-09-16,0,1,0.9960059143095459,True,0.02,0.68
2022-09-19,0,1,0.9962343616030521,True,0.02,0.68
2022-09-21,1,1,0.9971245574221019,True,0.02,0.68
2022-09-22,1,1,0.9983841986335912,True,0.02,0.68
2022-09-28,0,1,0.9897250129899846,True,0.02,0.68
2022-09-30,0,1,0.9232214372218617,True,0.02,0.68
2022-10-04,0,1,0.87907306736915,True,0.02,0.68
2022-10-05,0,1,0.9391256757680894,True,0.02,0.68
2022-10-06,0,1,0.6800430601512989,True,0.02,0.68
2022-10-07,1,1,0.7552558098209594,True,0.02,0.68
2022-10-10,1,1,0.7056177335779386,True,0.02,0.68
2022-10-11,1,1,0.8201717477548399,True,0.02,0.68
2022-10-12,1,1,0.9644316848900509,True,0.02,0.68
2022-10-14,0,1,0.9389204034394639,True,0.02,0.68
2022-10-17,0,1,0.9175464837788725,True,0.02,0.68
2022-10-18,0,1,0.8240867870213507,True,0.02,0.68
2022-10-19,0,1,0.5410733351687986,False,0.02,0.68
2022-10-20,0,0,0.31143210809493005,True,0.02,0.68
2022-10-21,0,1,0.5223406250590945,False,0.02,0.68
2022-10-24,0,0,0.4436489194823468,False,0.02,0.68
2022-10-25,0,0,0.2682293910063449,True,0.02,0.68
2022-10-26,0,0,0.3971856261363856,False,0.02,0.68
2022-10-27,0,0,0.31375041704536805,True,0.02,0.68
2022-10-28,0,0,0.44405907587902144,False,0.02,0.68
2022-10-31,0,1,0.8660511704149952,True,0.02,0.68
2022-11-01,1,1,0.8866251468218942,True,0.02,0.68
2022-11-02,1,1,0.9619004508631792,True,0.02,0.68
2022-11-03,1,1,0.9493452471961733,True,0.02,0.68
2022-11-04,1,1,0.9381615815519796,True,0.02,0.68
2022-11-07,1,1,0.9360243461162996,True,0.02,0.68
2022-11-08,1,1,0.7014751784688965,True,0.02,0.68
2022-11-09,1,1,0.887867817815075,True,0.02,0.68
2022-11-10,0,1,0.9104550168345258,True,0.02,0.68
2022-11-11,0,1,0.8401619954049473,True,0.02,0.68
2022-11-14,0,1,0.7723739844326535,True,0.02,0.68
2022-11-15,0,1,0.7705064758748047,True,0.02,0.68
2022-11-18,0,1,0.9663684656065644,True,0.02,0.68
2022-11-21,0,1,0.9724794938004238,True,0.02,0.68
2022-11-22,0,1,0.9870200689178967,True,0.02,0.68
2022-11-23,0,1,0.991061611880699,True,0.02,0.68
2022-11-25,0,1,0.9898276652591937,True,0.02,0.68
2022-11-28,0,1,0.9842349701347723,True,0.02,0.68
2022-11-30,0,1,0.974441048541646,True,0.02,0.68
2022-12-01,0,1,0.927914389423066,True,0.02,0.68
2022-12-02,0,1,0.6264609256619383,False,0.02,0.68
2022-12-05,0,1,0.5139488029562466,False,0.02,0.68
2022-12-06,0,1,0.6532454883865868,False,0.02,0.68
2022-12-08,0,1,0.9098308250809475,True,0.02,0.68
2022-12-09,0,1,0.7277169241011295,True,0.02,0.68
2022-12-12,0,1,0.8616137630413779,True,0.02,0.68
2022-12-13,0,1,0.7430486494861125,True,0.02,0.68
2022-12-14,0,0,0.48691584994030523,False,0.02,0.68
2022-12-15,0,0,0.22096139028681253,True,0.02,0.68
2022-12-16,0,0,0.3915982105144468,False,0.02,0.68
2022-12-20,0,1,0.5970894587227307,False,0.02,0.68
2022-12-22,1,1,0.7180079498067922,True,0.02,0.68
2022-12-23,1,1,0.8046114027294748,True,0.02,0.68
2022-12-27,1,1,0.8733128308414757,True,0.02,0.68
2022-12-28,1,1,0.7642764368352502,True,0.02,0.68
2022-12-29,1,1,0.7271637811523114,True,0.02,0.68
2022-12-30,1,1,0.7926278480521664,True,0.02,0.68
2023-01-03,1,1,0.5615118380585411,False,0.02,0.68
2023-01-04,1,0,0.19283684578320412,True,0.02,0.68
2023-01-05,1,0,0.08924066135937594,True,0.02,0.68
2023-01-06,1,0,0.09324100400450142,True,0.02,0.68
2023-01-09,1,0,0.04558372780689389,True,0.02,0.68
2023-01-10,1,0,0.03653446248877471,True,0.02,0.68
2023-01-11,1,0,0.02783616362785047,True,0.02,0.68
2023-01-12,1,0,0.058995333680832006,True,0.02,0.68
2023-01-13,1,0,0.1366495534677224,True,0.02,0.68
2023-01-17,1,0,0.09799891191026203,True,0.02,0.68
2023-01-18,1,0,0.05228776128554542,True,0.02,0.68
2023-01-19,1,0,0.11098085402460044,True,0.02,0.68
2023-01-20,1,0,0.11150599420139651,True,0.02,0.68
2023-01-23,1,0,0.07809367162678964,True,0.02,0.68
2023-01-24,1,0,0.17839828064870886,True,0.02,0.68
2023-01-25,1,0,0.08800902410690176,True,0.02,0.68
2023-01-27,0,0,0.10278075099425658,True,0.02,0.68
2023-01-31,0,0,0.20464215616133105,True,0.02,0.68
2023-02-01,0,0,0.31451378784938866,True,0.02,0.68
2023-02-02,0,0,0.1557875358236086,True,0.02,0.68
2023-02-03,0,0,0.17503466070167611,True,0.02,0.68
2023-02-06,0,0,0.13027766509193175,True,0.02,0.68
2023-02-07,0,0,0.03699560400749696,True,0.02,0.68
2023-02-08,0,0,0.09751125191576086,True,0.02,0.68
2023-02-09,0,0,0.44482684175751475,False,0.02,0.68
2023-02-10,0,0,0.43355792011938477,False,0.02,0.68
2023-02-13,0,0,0.45198165964677434,False,0.02,0.68
2023-02-14,0,1,0.5069350750675744,False,0.02,0.68
2023-02-15,0,1,0.5720115272629062,False,0.02,0.68
2023-02-16,0,1,0.5456316213093348,False,0.02,0.68
2023-02-17,0,1,0.5985724998648652,False,0.02,0.68
2023-02-23,0,0,0.3168815259979206,True,0.02,0.68
2023-02-24,0,0,0.408621570521874,False,0.02,0.68
2023-03-01,1,0,0.49304134406502725,False,0.02,0.68
2023-03-02,1,1,0.7462958477961172,True,0.02,0.68
2023-03-03,1,1,0.8209418123445945,True,0.02,0.68
2023-03-06,1,1,0.6475504908142145,False,0.02,0.68
2023-03-07,1,1,0.8922681933481734,True,0.02,0.68
2023-03-08,1,1,0.9152450669042156,True,0.02,0.68
2023-03-09,1,1,0.8479643106546316,True,0.02,0.68
2023-03-10,1,1,0.895967441013962,True,0.02,0.68
2023-03-13,1,1,0.9445860763567419,True,0.02,0.68
2023-03-14,1,1,0.8892962530776393,True,0.02,0.68
2023-03-15,1,1,0.8035487377539414,True,0.02,0.68
2023-03-17,1,1,0.630441611727663,False,0.02,0.68
2023-03-20,1,0,0.39846117595436026,False,0.02,0.68
2023-03-21,1,0,0.3706280238439831,False,0.02,0.68
2023-03-22,1,0,0.3678114890866031,False,0.02,0.68
2023-03-23,1,0,0.40285582247867285,False,0.02,0.68
2023-03-24,1,0,0.3847861151033409,False,0.02,0.68
2023-03-29,1,1,0.9108527826718926,True,0.02,0.68
2023-04-05,1,1,0.6497046028611048,False,0.02,0.68
2023-04-06,1,0,0.38902096272288195,False,0.02,0.68
2023-04-10,1,0,0.4370601809342058,False,0.02,0.68
2023-04-11,1,0,0.46989495737458176,False,0.02,0.68
2023-04-12,1,1,0.5682669956916742,False,0.02,0.68
2023-04-13,1,1,0.8887932396596662,True,0.02,0.68
2023-04-14,1,1,0.650473131118964,False,0.02,0.68
2023-04-25,1,1,0.5863854455672879,False,0.02,0.68
2023-04-26,1,1,0.7097518988970528,True,0.02,0.68
2023-04-27,1,1,0.8062983332296145,True,0.02,0.68
2023-04-28,1,1,0.5575406099147746,False,0.02,0.68
2023-05-01,1,1,0.8684578721463687,True,0.02,0.68
2023-05-02,1,1,0.581608056300734,False,0.02,0.68
2023-05-03,1,1,0.7277309912005717,True,0.02,0.68
2023-05-04,1,1,0.5112323993379708,False,0.02,0.68
2023-05-05,1,1,0.9309837779512031,True,0.02,0.68
2023-05-08,1,1,0.9668789638000336,True,0.02,0.68
2023-05-09,1,1,0.9344971217708103,True,0.02,0.68
2023-05-10,1,1,0.9679977750172919,True,0.02,0.68
2023-05-11,1,1,0.9376371023041533,True,0.02,0.68
2023-05-12,1,1,0.9143141764030166,True,0.02,0.68
2023-05-15,1,1,0.6919804753439825,True,0.02,0.68
2023-05-16,1,1,0.7741022778824332,True,0.02,0.68
2023-05-17,1,1,0.8124103439405083,True,0.02,0.68
2023-05-18,1,1,0.9033438063393138,True,0.02,0.68
2023-05-19,1,1,0.8002299159467617,True,0.02,0.68
2023-05-22,1,0,0.36496006948165455,False,0.02,0.68
2023-05-23,1,0,0.49427704197171723,False,0.02,0.68
2023-05-24,1,1,0.6688492982510015,False,0.02,0.68
2023-05-25,1,1,0.6946036756814374,True,0.02,0.68
2023-05-26,1,1,0.6515851616423874,False,0.02,0.68
2023-05-30,1,1,0.8967169900345854,True,0.02,0.68
2023-05-31,1,1,0.9140405544384295,True,0.02,0.68
2023-06-01,1,1,0.8177422511843175,True,0.02,0.68
2023-06-07,1,1,0.5947234535884592,False,0.02,0.68
2023-06-08,1,1,0.9409274153503341,True,0.02,0.68
2023-06-09,1,1,0.850389104022029,True,0.02,0.68
2023-06-12,1,1,0.8791567312954714,True,0.02,0.68
2023-06-15,1,1,0.9859873293545321,True,0.02,0.68
2023-06-16,1,1,0.9763966783322453,True,0.02,0.68
2023-06-20,1,1,0.9606092334419216,True,0.02,0.68
2023-06-21,1,1,0.9443853686782449,True,0.02,0.68
2023-06-28,1,1,0.9900140048585678,True,0.02,0.68
2023-06-29,1,1,0.9740486174754216,True,0.02,0.68
2023-06-30,1,1,0.9947066362734094,True,0.02,0.68
2023-07-03,1,1,0.9944979401528363,True,0.02,0.68
2023-07-05,1,1,0.9932669815314324,True,0.02,0.68
2023-07-12,0,1,0.9940725553620379,True,0.02,0.68
2023-07-13,0,1,0.9881372752612243,True,0.02,0.68
2023-07-19,0,1,0.9871868710492282,True,0.02,0.68
2023-07-21,1,1,0.9940640355571508,True,0.02,0.68
2023-07-24,1,1,0.9920145759469124,True,0.02,0.68
2023-07-25,1,1,0.9825308687206246,True,0.02,0.68
2023-07-26,1,1,0.9887437460314339,True,0.02,0.68
2023-07-27,1,1,0.9930073923806655,True,0.02,0.68
2023-07-28,1,1,0.9930171191850564,True,0.02,0.68
2023-07-31,1,1,0.9837076522744188,True,0.02,0.68
2023-08-01,1,1,0.9889281671207903,True,0.02,0.68
2023-08-02,1,1,0.9932512713624556,True,0.02,0.68
2023-08-03,1,1,0.9907086595397411,True,0.02,0.68
2023-08-04,0,1,0.955085058054113,True,0.02,0.68
2023-08-07,0,1,0.8417152087342094,True,0.02,0.68
2023-08-08,0,1,0.9228694360886985,True,0.02,0.68
2023-08-10,0,1,0.8552389242318261,True,0.02,0.68
2023-08-11,0,1,0.9495644154250187,True,0.02,0.68
2023-08-14,0,1,0.9104733336545915,True,0.02,0.68
2023-08-15,0,1,0.9139683527206518,True,0.02,0.68
2023-08-17,1,1,0.9843102198443444,True,0.02,0.68
2023-08-18,1,1,0.9872848503488852,True,0.02,0.68
2023-08-24,1,1,0.9571980473128335,True,0.02,0.68
2023-08-25,1,1,0.9423934380242374,True,0.02,0.68
2023-08-28,1,1,0.9274987607424207,True,0.02,0.68
2023-08-29,1,1,0.8319825483442584,True,0.02,0.68
2023-08-30,1,1,0.9071426931665852,True,0.02,0.68
2023-09-07,0,1,0.9538152092431321,True,0.02,0.68
2023-09-08,0,1,0.9290038336465305,True,0.02,0.68
2023-09-11,0,1,0.9607915921264215,True,0.02,0.68
2023-09-12,0,1,0.9109366983903068,True,0.02,0.68
2023-09-13,0,1,0.848215024591224,True,0.02,0.68
2023-09-14,0,1,0.7255811267292825,True,0.02,0.68
2023-09-15,0,1,0.8619201847639392,True,0.02,0.68
2023-09-18,0,0,0.42960131617536207,False,0.02,0.68
2023-09-19,0,1,0.7160473462137619,True,0.02,0.68
2023-09-20,0,1,0.7573909807973337,True,0.02,0.68
2023-09-21,0,1,0.8908370854552037,True,0.02,0.68
2023-09-25,0,1,0.9248946620691454,True,0.02,0.68
2023-09-26,1,1,0.7321175449907363,True,0.02,0.68
2023-09-27,1,1,0.8791533869616187,True,0.02,0.68
2023-09-28,1,1,0.8594609858796467,True,0.02,0.68
2023-09-29,1,1,0.8893977278124036,True,0.02,0.68
2023-10-02,1,1,0.8763758862262858,True,0.02,0.68
2023-10-03,1,1,0.7929720198429545,True,0.02,0.68
2023-10-06,0,1,0.964441913019389,True,0.02,0.68
2023-10-11,0,1,0.9538381109401404,True,0.02,0.68
2023-10-12,0,1,0.9466932729968809,True,0.02,0.68
2023-10-18,1,1,0.6550352111151426,False,0.02,0.68
2023-10-19,1,1,0.6199624182321709,False,0.02,0.68
2023-10-20,1,1,0.6668754232514689,False,0.02,0.68
2023-10-23,1,1,0.9046319737865969,True,0.02,0.68
2023-10-24,1,1,0.8648836265236796,True,0.02,0.68
2023-10-25,1,1,0.9259170266869108,True,0.02,0.68
2023-10-26,1,1,0.8527392250701331,True,0.02,0.68
2023-10-27,1,1,0.8633854001009866,True,0.02,0.68
2023-10-30,1,1,0.763021267777487,True,0.02,0.68
2023-10-31,1,0,0.46542071118364836,False,0.02,0.68
2023-11-01,1,0,0.36453851435999485,False,0.02,0.68
2023-11-02,1,0,0.46204697301971925,False,0.02,0.68
2023-11-03,1,0,0.48619923393639497,False,0.02,0.68
2023-11-06,1,1,0.6704631656339511,False,0.02,0.68
2023-11-08,1,1,0.6577177686217175,False,0.02,0.68
2023-11-09,1,1,0.5077418571423284,False,0.02,0.68
2023-11-10,1,0,0.3286187188035921,False,0.02,0.68
2023-11-13,1,1,0.5091600974998506,False,0.02,0.68
2023-11-15,1,0,0.3091189310159105,True,0.02,0.68
2023-11-16,1,1,0.6526007805258132,False,0.02,0.68
2023-12-04,1,1,0.9073299030031935,True,0.02,0.68
2023-12-05,1,1,0.9679549847777433,True,0.02,0.68
2023-12-06,1,1,0.9522893190364475,True,0.02,0.68
2023-12-07,1,1,0.9467373648164693,True,0.02,0.68
2023-12-08,1,1,0.9558413047444577,True,0.02,0.68
2023-12-11,1,1,0.9463144700074331,True,0.02,0.68
2023-12-12,1,1,0.965331492688511,True,0.02,0.68
2023-12-13,1,1,0.9729331523194292,True,0.02,0.68
2023-12-14,1,1,0.9627564779011885,True,0.02,0.68
