threshold,coverage_pct,trades_count,accuracy,win_rate,cumulative_return_pct,annualized_sharpe
0.5,100.0,491,47.05,44.81,-12.84,-0.02
0.521,96.74,475,46.95,45.05,5.01,0.01
0.541,92.26,453,47.02,45.7,11.53,0.02
0.562,87.98,432,46.3,45.83,10.62,0.02
0.582,84.73,416,46.39,45.67,4.22,0.01
0.603,77.39,380,45.79,45.26,-13.38,-0.03
0.624,70.67,347,44.67,44.38,-27.13,-0.07
0.644,64.56,317,43.22,43.22,-78.68,-0.22
0.665,55.4,272,42.28,43.38,-71.73,-0.23
0.685,46.64,229,42.36,45.41,-32.03,-0.12
0.706,36.66,180,41.67,45.0,-34.03,-0.16
0.726,26.88,132,40.15,46.21,-31.38,-0.2
0.747,15.89,78,46.15,55.13,42.79,0.46
0.768,6.31,31,48.39,61.29,67.54,1.78
0.788,1.63,8,62.5,62.5,19.62,1.74
